<beans xmlns="http://www.springframework.org/schema/beans"
	xmlns:context="http://www.springframework.org/schema/context" xmlns:p="http://www.springframework.org/schema/p"
	xmlns:aop="http://www.springframework.org/schema/aop" xmlns:tx="http://www.springframework.org/schema/tx"
	xmlns:xsi="http://www.w3.org/2001/XMLSchema-instance"
	xsi:schemaLocation="http://www.springframework.org/schema/beans http://www.springframework.org/schema/beans/spring-beans-4.0.xsd
	http://www.springframework.org/schema/context http://www.springframework.org/schema/context/spring-context-4.0.xsd
	http://www.springframework.org/schema/aop http://www.springframework.org/schema/aop/spring-aop-4.0.xsd http://www.springframework.org/schema/tx http://www.springframework.org/schema/tx/spring-tx-4.0.xsd
	http://www.springframework.org/schema/util http://www.springframework.org/schema/util/spring-util-4.0.xsd">

	<!-- <bean id="app" class="com.huayun.model.App"></bean> -->
	<context:property-placeholder location="classpath:jdbc.properties"/>
	
	<bean id="dataSource" class="com.alibaba.druid.pool.DruidDataSource">
		<property name="driverClassName" value="${db.driverClassName}"></property>
		<property name="url" value="${db.url}"></property>
		<property name="username" value="${db.username}"></property>
		<property name="password" value="${db.password}"></property>
	</bean>
	
	<bean id="sqlSessionFactory" class="org.mybatis.spring.SqlSessionFactoryBean">
		<property name="configLocation" 
				value="classpath:mybatis/mybatis-config.xml"></property>
		<property name="dataSource" ref="dataSource"></property>
	</bean>
	
	<bean class="org.mybatis.spring.mapper.MapperScannerConfigurer">
		<property name="basePackage" value="com.huayun.dao"/>
	</bean>
	
	<context:component-scan 
		base-package="com.huayun.service">
	</context:component-scan>
	
</beans>
