<?xml version="1.0" encoding="UTF-8"?>
<beans xmlns="http://www.springframework.org/schema/beans"
	xmlns:xsi="http://www.w3.org/2001/XMLSchema-instance" xmlns:mvc="http://www.springframework.org/schema/mvc"
	xmlns:context="http://www.springframework.org/schema/context"
	xsi:schemaLocation="http://www.springframework.org/schema/mvc
						http://www.springframework.org/schema/mvc/spring-mvc-4.0.xsd
						http://www.springframework.org/schema/beans
						http://www.springframework.org/schema/beans/spring-beans-4.0.xsd
						http://www.springframework.org/schema/context
          				http://www.springframework.org/schema/context/spring-context-4.0.xsd">
	
	<mvc:default-servlet-handler/>
	
	<mvc:annotation-driven></mvc:annotation-driven>
	
	<context:component-scan base-package="com.huayun.controller">
	</context:component-scan>
	
	<bean class="org.springframework.web.servlet.view.InternalResourceViewResolver">
		<property name="prefix" value="/WEB-INF/pages/"/>
		<property name="suffix" value=".jsp"/>
	</bean>
	
	
</beans>
