<?xml version="1.0" encoding="UTF-8"?>
<!DOCTYPE configuration
    PUBLIC "-//mybatis.org//DTD Config 3.0//EN"
    "http://mybatis.org/dtd/mybatis-3-config.dtd">
    
<!-- MyBatis的全局配置文件 -->
<configuration >

	<typeAliases>
		<typeAlias type="com.huayun.model.App" alias="App"/>
	</typeAliases>
	<!-- 1.配置开发环境 -->
	<!-- <environments default="develop">
		<environment id="develop">
			<transactionManager type="JDBC"></transactionManager>
			<dataSource type="POOLED">
				<property name="driver" value="com.mysql.jdbc.Driver"/>
				<property name="url" value="jdbc:mysql://localhost:3306/yonghedb?characterEncoding=utf-8"/>
				<property name="username" value="root"/>
				<property name="password" value="root"/>
			</dataSource>
		</environment>
	</environments> -->
	
	<!-- 2.加载Mapper配置文件,路径以斜杠间隔: xx/xx/../xx.xml -->
	<mappers>
		<mapper resource="mybatis/mapper/AppMapper.xml"/>
	</mappers>
</configuration>
